Rank,Rating,Movie
1, 9.3/10 ,The Shawshank Redemption    (1994)
2, 9.2/10 ,The Godfather    (1972)
3, 9.0/10 ,The Godfather: Part II    (1974)
4, 9.0/10 ,The Dark Knight    (2008)
5, 8.9/10 ,12 Angry Men    (1957)
6, 8.9/10 ,Pulp Fiction    (1994)
7, 8.9/10 ,Schindler's List    (1993)
8, 8.9/10 ,The Lord of the Rings: The Return of the King    (2003)
9, 8.9/10 ,"The Good, the Bad and the Ugly    (1966)"
10, 8.9/10 ,Fight Club    (1999)
11, 8.8/10 ,The Lord of the Rings: The Fellowship of the Ring    (2001)
12, 8.8/10 ,Inception    (2010)
13, 8.8/10 ,Star Wars: Episode V - The Empire Strikes Back    (1980)
14, 8.8/10 ,Forrest Gump    (1994)
15, 8.7/10 ,The Lord of the Rings: The Two Towers    (2002)
16, 8.7/10 ,One Flew Over the Cuckoo's Nest    (1975)
17, 8.7/10 ,Goodfellas    (1990)
18, 8.7/10 ,Seven Samurai    (1954)
19, 8.7/10 ,The Matrix    (1999)
20, 8.7/10 ,Star Wars    (1977)
21, 8.7/10 ,City of God    (2002)
22, 8.6/10 ,Baahubali: The Beginning    (2015)
23, 8.6/10 ,It's a Wonderful Life    (1946)
24, 8.6/10 ,Interstellar    (2014)
25, 8.6/10 ,Se7en    (1995)
26, 8.6/10 ,The Usual Suspects    (1995)
27, 8.6/10 ,Life Is Beautiful    (1997)
28, 8.6/10 ,The Silence of the Lambs    (1991)
29, 8.6/10 ,Once Upon a Time in the West    (1968)
30, 8.6/10 ,Léon: The Professional    (1994)
31, 8.6/10 ,City Lights    (1931)
32, 8.6/10 ,Spirited Away    (2001)
33, 8.6/10 ,The Intouchables    (2011)
34, 8.6/10 ,Casablanca    (1942)
35, 8.6/10 ,Saving Private Ryan    (1998)
36, 8.6/10 ,American History X    (1998)
37, 8.6/10 ,Modern Times    (1936)
38, 8.5/10 ,Raiders of the Lost Ark    (1981)
39, 8.5/10 ,Psycho    (1960)
40, 8.5/10 ,Rear Window    (1954)
41, 8.5/10 ,The Green Mile    (1999)
42, 8.5/10 ,Whiplash    (2014)
43, 8.5/10 ,The Pianist    (2002)
44, 8.5/10 ,Terminator 2: Judgment Day    (1991)
45, 8.5/10 ,The Departed    (2006)
46, 8.5/10 ,Gladiator    (2000)
47, 8.5/10 ,Sholay    (1975)
48, 8.5/10 ,Back to the Future    (1985)
49, 8.5/10 ,Sunset Blvd.    (1950)
50, 8.5/10 ,Memento    (2000)
51, 8.5/10 ,Dr. Strangelove or: How I Learned to Stop Worrying and Love the Bomb    (1964)
52, 8.5/10 ,The Prestige    (2006)
53, 8.5/10 ,Apocalypse Now    (1979)
54, 8.5/10 ,Cinema Paradiso    (1988)
55, 8.5/10 ,The Dark Knight Rises    (2012)
56, 8.5/10 ,The Great Dictator    (1940)
57, 8.5/10 ,The Lion King    (1994)
58, 8.5/10 ,The Lives of Others    (2006)
59, 8.5/10 ,Alien    (1979)
60, 8.5/10 ,Paths of Glory    (1957)
61, 8.5/10 ,Grave of the Fireflies    (1988)
62, 8.5/10 ,Django Unchained    (2012)
63, 8.5/10 ,Star Wars: The Force Awakens    (2015)
64, 8.4/10 ,3 Idiots    (2009)
65, 8.4/10 ,The Shining    (1980)
66, 8.4/10 ,Witness for the Prosecution    (1957)
67, 8.4/10 ,WALL·E    (2008)
68, 8.4/10 ,Princess Mononoke    (1997)
69, 8.4/10 ,Das Boot    (1981)
70, 8.4/10 ,M    (1931)
71, 8.4/10 ,American Beauty    (1999)
72, 8.4/10 ,Queen    (2014)
73, 8.4/10 ,Once Upon a Time in America    (1984)
74, 8.4/10 ,Aliens    (1986)
75, 8.4/10 ,Oldboy    (2003)
76, 8.4/10 ,Citizen Kane    (1941)
77, 8.4/10 ,North by Northwest    (1959)
78, 8.4/10 ,A Separation    (2011)
79, 8.4/10 ,Amélie    (2001)
80, 8.4/10 ,Vertigo    (1958)
81, 8.4/10 ,Double Indemnity    (1944)
82, 8.4/10 ,Star Wars: Episode VI - Return of the Jedi    (1983)
83, 8.4/10 ,Braveheart    (1995)
84, 8.4/10 ,Requiem for a Dream    (2000)
85, 8.4/10 ,To Kill a Mockingbird    (1962)
86, 8.4/10 ,Lawrence of Arabia    (1962)
87, 8.4/10 ,Sunrise    (1927)
88, 8.4/10 ,A Clockwork Orange    (1971)
89, 8.4/10 ,Reservoir Dogs    (1992)
90, 8.4/10 ,Toy Story 3    (2010)
91, 8.4/10 ,The Kid    (1921)
92, 8.4/10 ,Bicycle Thieves    (1948)
93, 8.4/10 ,Chakde! India    (2007)
94, 8.4/10 ,Eternal Sunshine of the Spotless Mind    (2004)
95, 8.4/10 ,Taxi Driver    (1976)
96, 8.3/10 ,Singin' in the Rain    (1952)
97, 8.3/10 ,Bhaag Milkha Bhaag    (2013)
98, 8.3/10 ,The Sting    (1973)
99, 8.3/10 ,Amadeus    (1984)
100, 8.3/10 ,All About Eve    (1950)
101, 8.3/10 ,Yojimbo    (1961)
102, 8.3/10 ,The Revenant    (2015)
103, 8.3/10 ,Gangs of Wasseypur    (2012)
104, 8.3/10 ,Rashomon    (1950)
105, 8.3/10 ,Inside Out    (2015)
106, 8.3/10 ,Full Metal Jacket    (1987)
107, 8.3/10 ,Monty Python and the Holy Grail    (1975)
108, 8.3/10 ,The Treasure of the Sierra Madre    (1948)
109, 8.3/10 ,2001: A Space Odyssey    (1968)
110, 8.3/10 ,The Apartment    (1960)
111, 8.3/10 ,Snatch.    (2000)
112, 8.3/10 ,Ikiru    (1952)
113, 8.3/10 ,Metropolis    (1927)
114, 8.3/10 ,Haider    (2014)
115, 8.3/10 ,For a Few Dollars More    (1965)
116, 8.3/10 ,The Third Man    (1949)
117, 8.3/10 ,Inglourious Basterds    (2009)
118, 8.3/10 ,Scarface    (1983)
119, 8.3/10 ,Toy Story    (1995)
120, 8.3/10 ,Some Like It Hot    (1959)
121, 8.3/10 ,L.A. Confidential    (1997)
122, 8.3/10 ,Swades    (2004)
123, 8.3/10 ,Batman Begins    (2005)
124, 8.3/10 ,The Hunt    (2012)
125, 8.3/10 ,Dilwale Dulhania Le Jayenge    (1995)
126, 8.3/10 ,PK    (2014)
127, 8.3/10 ,Indiana Jones and the Last Crusade    (1989)
128, 8.3/10 ,Unforgiven    (1992)
129, 8.3/10 ,Up    (2009)
130, 8.3/10 ,Mr. Smith Goes to Washington    (1939)
131, 8.3/10 ,Downfall    (2004)
132, 8.3/10 ,On the Waterfront    (1954)
133, 8.3/10 ,Raging Bull    (1980)
134, 8.3/10 ,Good Will Hunting    (1997)
135, 8.3/10 ,The Great Escape    (1963)
136, 8.3/10 ,Ran    (1985)
137, 8.3/10 ,The Gold Rush    (1925)
138, 8.3/10 ,The General    (1926)
139, 8.3/10 ,My Neighbor Totoro    (1988)
140, 8.3/10 ,Wild Strawberries    (1957)
141, 8.3/10 ,Chinatown    (1974)
142, 8.3/10 ,Judgment at Nuremberg    (1961)
143, 8.3/10 ,Heat    (1995)
144, 8.2/10 ,Kahaani    (2012)
145, 8.2/10 ,Die Hard    (1988)
146, 8.2/10 ,The Seventh Seal    (1957)
147, 8.2/10 ,The Secret in Their Eyes    (2009)
148, 8.2/10 ,Pan's Labyrinth    (2006)
149, 8.2/10 ,The Bridge on the River Kwai    (1957)
150, 8.2/10 ,Howl's Moving Castle    (2004)
151, 8.2/10 ,Blade Runner    (1982)
152, 8.2/10 ,Warrior    (2011)
153, 8.2/10 ,Incendies    (2010)
154, 8.2/10 ,The Wages of Fear    (1953)
155, 8.2/10 ,"Lock, Stock and Two Smoking Barrels    (1998)"
156, 8.2/10 ,The Wolf of Wall Street    (2013)
157, 8.2/10 ,The Elephant Man    (1980)
158, 8.2/10 ,V for Vendetta    (2005)
159, 8.2/10 ,Rebecca    (1940)
160, 8.2/10 ,Barfi!    (2012)
161, 8.2/10 ,It Happened One Night    (1934)
162, 8.2/10 ,Casino    (1995)
163, 8.2/10 ,Gone with the Wind    (1939)
164, 8.2/10 ,The Big Lebowski    (1998)
165, 8.2/10 ,Cool Hand Luke    (1967)
166, 8.2/10 ,A Beautiful Mind    (2001)
167, 8.2/10 ,How to Train Your Dragon    (2010)
168, 8.2/10 ,Gran Torino    (2008)
169, 8.2/10 ,Mad Max: Fury Road    (2015)
170, 8.2/10 ,Mary and Max    (2009)
171, 8.2/10 ,Dial M for Murder    (1954)
172, 8.2/10 ,Lagaan: Once Upon a Time in India    (2001)
173, 8.2/10 ,The Deer Hunter    (1978)
174, 8.2/10 ,Into the Wild    (2007)
175, 8.2/10 ,Bajrangi Bhaijaan    (2015)
176, 8.2/10 ,Trainspotting    (1996)
177, 8.2/10 ,My Sassy Girl    (2001)
178, 8.2/10 ,The Best Years of Our Lives    (1946)
179, 8.2/10 ,Rush    (2013)
180, 8.2/10 ,Persona    (1966)
181, 8.2/10 ,The Maltese Falcon    (1941)
182, 8.2/10 ,Hachi: A Dog's Tale    (2009)
183, 8.2/10 ,The 400 Blows    (1959)
184, 8.2/10 ,Fargo    (1996)
185, 8.2/10 ,Stalker    (1979)
186, 8.2/10 ,Wild Tales    (2014)
187, 8.2/10 ,The Thing    (1982)
188, 8.2/10 ,Gone Girl    (2014)
189, 8.1/10 ,Finding Nemo    (2003)
190, 8.1/10 ,The Sixth Sense    (1999)
191, 8.1/10 ,Tae Guk Gi: The Brotherhood of War    (2004)
192, 8.1/10 ,Diabolique    (1955)
193, 8.1/10 ,Network    (1976)
194, 8.1/10 ,The Battle of Algiers    (1966)
195, 8.1/10 ,Throne of Blood    (1957)
196, 8.1/10 ,The Princess Bride    (1987)
197, 8.1/10 ,Hotel Rwanda    (2004)
198, 8.1/10 ,Life of Brian    (1979)
199, 8.1/10 ,Touch of Evil    (1958)
200, 8.1/10 ,No Country for Old Men    (2007)
201, 8.1/10 ,Underground    (1995)
202, 8.1/10 ,The Grapes of Wrath    (1940)
203, 8.1/10 ,The Legend of 1900    (1998)
204, 8.1/10 ,Butch Cassidy and the Sundance Kid    (1969)
205, 8.1/10 ,Kill Bill: Vol. 1    (2003)
206, 8.1/10 ,Nausicaä of the Valley of the Wind    (1984)
207, 8.1/10 ,"Black Cat, White Cat    (1998)"
208, 8.1/10 ,Fanny and Alexander    (1982)
209, 8.1/10 ,Platoon    (1986)
210, 8.1/10 ,In the Name of the Father    (1993)
211, 8.1/10 ,There Will Be Blood    (2007)
212, 8.1/10 ,Baby    (2015)
213, 8.1/10 ,8½    (1963)
214, 8.1/10 ,The Avengers    (2012)
215, 8.1/10 ,The Martian    (2015)
216, 8.1/10 ,Stand by Me    (1986)
217, 8.1/10 ,Amores Perros    (2000)
218, 8.1/10 ,What Ever Happened to Baby Jane?    (1962)
219, 8.1/10 ,Ben-Hur    (1959)
220, 8.1/10 ,12 Years a Slave    (2013)
221, 8.1/10 ,The Last Picture Show    (1971)
222, 8.1/10 ,Zindagi Na Milegi Dobara    (2011)
223, 8.1/10 ,Le Samouraï    (1967)
224, 8.1/10 ,Laura    (1944)
225, 8.1/10 ,The Grand Budapest Hotel    (2014)
226, 8.1/10 ,Shutter Island    (2010)
227, 8.1/10 ,Annie Hall    (1977)
228, 8.1/10 ,Memories of Murder    (2003)
229, 8.1/10 ,Departures    (2008)
230, 8.1/10 ,Infernal Affairs    (2002)
231, 8.1/10 ,Harry Potter and the Deathly Hallows: Part 2    (2011)
232, 8.1/10 ,Million Dollar Baby    (2004)
233, 8.1/10 ,Chungking Express    (1994)
234, 8.1/10 ,Donnie Darko    (2001)
235, 8.1/10 ,Gandhi    (1982)
236, 8.1/10 ,Before Sunrise    (1995)
237, 8.1/10 ,La Haine    (1995)
238, 8.1/10 ,3-Iron    (2004)
239, 8.1/10 ,Cat on a Hot Tin Roof    (1958)
240, 8.1/10 ,Solaris    (1972)
241, 8.1/10 ,Barry Lyndon    (1975)
242, 8.1/10 ,"Paris, Texas    (1984)"
243, 8.1/10 ,Who's Afraid of Virginia Woolf?    (1966)
244, 8.1/10 ,La Dolce Vita    (1960)
245, 8.1/10 ,Guardians of the Galaxy    (2014)
246, 8.1/10 ,La Strada    (1954)
247, 8.1/10 ,The Cabinet of Dr. Caligari    (1920)
248, 8.1/10 ,Strangers on a Train    (1951)
249, 8.1/10 ,"Spring, Summer, Fall, Winter... and Spring    (2003)"
250, 8.1/10 ,Elite Squad: The Enemy Within    (2010)
251, 8.1/10 ,Sleuth    (1972)
252, 8.1/10 ,The Celebration    (1998)
253, 8.1/10 ,The Bourne Ultimatum    (2007)
254, 8.1/10 ,The Wizard of Oz    (1939)
255, 8.1/10 ,Castle in the Sky    (1986)
256, 8.1/10 ,Wings of Desire    (1987)
257, 8.1/10 ,Ip Man    (2008)
258, 8.1/10 ,Sin City    (2005)
259, 8.1/10 ,Three Colors: Red    (1994)
260, 8.1/10 ,Jurassic Park    (1993)
261, 8.1/10 ,In the Mood for Love    (2000)
262, 8.1/10 ,The Imitation Game    (2014)
263, 8.1/10 ,Roman Holiday    (1953)
264, 8.1/10 ,Elite Squad    (2007)
265, 8.1/10 ,Anatomy of a Murder    (1959)
266, 8.1/10 ,The Man Who Shot Liberty Valance    (1962)
267, 8.1/10 ,High Noon    (1952)
268, 8.1/10 ,Rocky    (1976)
269, 8.1/10 ,Notorious    (1946)
270, 8.1/10 ,The Philadelphia Story    (1940)
271, 8.1/10 ,The Help    (2011)
272, 8.1/10 ,Stalag 17    (1953)
273, 8.1/10 ,Arsenic and Old Lace    (1944)
274, 8.1/10 ,The Night of the Hunter    (1955)
275, 8.1/10 ,The Hateful Eight    (2015)
276, 8.1/10 ,Akira    (1988)
277, 8.1/10 ,The Sea Inside    (2004)
278, 8.1/10 ,Harvey    (1950)
279, 8.1/10 ,Twelve Monkeys    (1995)
280, 8.1/10 ,"Monsters, Inc.    (2001)"
281, 8.1/10 ,The Big Sleep    (1946)
282, 8.1/10 ,Groundhog Day    (1993)
283, 8.1/10 ,The Hustler    (1961)
284, 8.1/10 ,A Christmas Story    (1983)
285, 8.1/10 ,The Killing    (1956)
286, 8.1/10 ,Rio Bravo    (1959)
287, 8.1/10 ,The Truman Show    (1998)
288, 8.1/10 ,The Terminator    (1984)
289, 8.1/10 ,Pirates of the Caribbean: The Curse of the Black Pearl    (2003)
290, 8.1/10 ,Straight Outta Compton    (2015)
291, 8.1/10 ,Prisoners    (2013)
292, 8.1/10 ,A Streetcar Named Desire    (1951)
293, 8.1/10 ,Jaws    (1975)
294, 8.1/10 ,All Quiet on the Western Front    (1930)
295, 8.1/10 ,Dog Day Afternoon    (1975)
296, 8.1/10 ,Dogville    (2003)
297, 8.1/10 ,Young Frankenstein    (1974)
298, 8.0/10 ,Before Sunset    (2004)
299, 8.0/10 ,A Fistful of Dollars    (1964)
300, 8.0/10 ,Kal Ho Naa Ho    (2003)
301, 8.0/10 ,The King's Speech    (2010)
302, 8.0/10 ,Papillon    (1973)
303, 8.0/10 ,X-Men: Days of Future Past    (2014)
304, 8.0/10 ,Persepolis    (2007)
305, 8.0/10 ,Sling Blade    (1996)
306, 8.0/10 ,The Diving Bell and the Butterfly    (2007)
307, 8.0/10 ,Pink Floyd The Wall    (1982)
308, 8.0/10 ,Beauty and the Beast    (1991)
309, 8.0/10 ,Creed    (2015)
310, 8.0/10 ,The Wild Bunch    (1969)
311, 8.0/10 ,Harold and Maude    (1971)
312, 8.0/10 ,His Girl Friday    (1940)
313, 8.0/10 ,The Perks of Being a Wallflower    (2012)
314, 8.0/10 ,Rope    (1948)
315, 8.0/10 ,The Manchurian Candidate    (1962)
316, 8.0/10 ,The Nightmare Before Christmas    (1993)
317, 8.0/10 ,The Graduate    (1967)
318, 8.0/10 ,East of Eden    (1955)
319, 8.0/10 ,Blood Diamond    (2006)
320, 8.0/10 ,This Is Spinal Tap    (1984)
321, 8.0/10 ,Magnolia    (1999)
322, 8.0/10 ,The Return    (2003)
323, 8.0/10 ,Big Fish    (2003)
324, 8.0/10 ,Catch Me If You Can    (2002)
325, 8.0/10 ,Patton    (1970)
326, 8.0/10 ,Duck Soup    (1933)
327, 8.0/10 ,JFK    (1991)
328, 8.0/10 ,Bringing Up Baby    (1938)
329, 8.0/10 ,Crimes and Misdemeanors    (1989)
330, 8.0/10 ,The Raid 2    (2014)
331, 8.0/10 ,The Exorcist    (1973)
332, 8.0/10 ,The Straight Story    (1999)
333, 8.0/10 ,The Big Short    (2015)
334, 8.0/10 ,"Aguirre, the Wrath of God    (1972)"
335, 8.0/10 ,Dead Poets Society    (1989)
336, 8.0/10 ,Manhattan    (1979)
337, 8.0/10 ,Slumdog Millionaire    (2008)
338, 8.0/10 ,Star Trek    (2009)
339, 8.0/10 ,Rain Man    (1988)
340, 8.0/10 ,Waltz with Bashir    (2008)
341, 8.0/10 ,Jab We Met    (2007)
342, 8.0/10 ,Brazil    (1985)
343, 8.0/10 ,Talk to Her    (2002)
344, 8.0/10 ,Being There    (1979)
345, 8.0/10 ,Short Term 12    (2013)
346, 8.0/10 ,The Adventures of Robin Hood    (1938)
347, 8.0/10 ,Central Station    (1998)
348, 8.0/10 ,Nosferatu    (1922)
349, 8.0/10 ,Whisper of the Heart    (1995)
350, 8.0/10 ,Charade    (1963)
351, 8.0/10 ,Doctor Zhivago    (1965)
352, 8.0/10 ,Dances with Wolves    (1990)
353, 8.0/10 ,Ghost in the Shell    (1995)
354, 8.0/10 ,All the President's Men    (1976)
355, 8.0/10 ,Ratatouille    (2007)
356, 8.0/10 ,Cinderella Man    (2005)
357, 8.0/10 ,Dawn of the Dead    (1978)
358, 8.0/10 ,Battleship Potemkin    (1925)
359, 8.0/10 ,In the Heat of the Night    (1967)
360, 8.0/10 ,Dancer in the Dark    (2000)
361, 8.0/10 ,Aladdin    (1992)
362, 8.0/10 ,The Searchers    (1956)
363, 8.0/10 ,Secrets & Lies    (1996)
364, 8.0/10 ,Black Swan    (2010)
365, 8.0/10 ,Her    (2013)
366, 8.0/10 ,No Man's Land    (2001)
367, 8.0/10 ,The Sound of Music    (1965)
368, 8.0/10 ,Kill Bill: Vol. 2    (2004)
369, 8.0/10 ,Shadow of a Doubt    (1943)
370, 8.0/10 ,Dallas Buyers Club    (2013)
371, 8.0/10 ,Boyhood    (2014)
372, 8.0/10 ,Days of Heaven    (1978)
373, 8.0/10 ,C.R.A.Z.Y.    (2005)
374, 8.0/10 ,Fiddler on the Roof    (1971)
375, 8.0/10 ,Special 26    (2013)
376, 8.0/10 ,Head-On    (2004)
377, 8.0/10 ,Casino Royale    (2006)
378, 8.0/10 ,District 9    (2009)
379, 8.0/10 ,The Iron Giant    (1999)
380, 8.0/10 ,Rosemary's Baby    (1968)
381, 8.0/10 ,Scent of a Woman    (1992)
382, 8.0/10 ,Three Colors: Blue    (1993)
383, 8.0/10 ,Shaun of the Dead    (2004)
384, 8.0/10 ,Hannah and Her Sisters    (1986)
385, 8.0/10 ,Life of Pi    (2012)
386, 8.0/10 ,Frankenstein    (1931)
387, 8.0/10 ,Amarcord    (1973)
388, 8.0/10 ,Mystic River    (2003)
389, 8.0/10 ,Planet of the Apes    (1968)
390, 8.0/10 ,Let the Right One In    (2008)
391, 8.0/10 ,The Artist    (2011)
392, 8.0/10 ,The Lady Vanishes    (1938)
393, 8.0/10 ,The Discreet Charm of the Bourgeoisie    (1972)
394, 8.0/10 ,Mulholland Dr.    (2001)
395, 8.0/10 ,The Incredibles    (2004)
396, 8.0/10 ,Serenity    (2005)
397, 8.0/10 ,Night of the Living Dead    (1968)
398, 8.0/10 ,True Romance    (1993)
399, 8.0/10 ,King Kong    (1933)
400, 8.0/10 ,Breathless    (1960)
401, 8.0/10 ,In Bruges    (2008)
402, 8.0/10 ,The Man from Earth    (2007)
403, 8.0/10 ,Moon    (2009)
404, 8.0/10 ,Freaks    (1932)
405, 8.0/10 ,My Name Is Khan    (2010)
406, 8.0/10 ,Edward Scissorhands    (1990)
407, 8.0/10 ,The Untouchables    (1987)
408, 7.9/10 ,The Pursuit of Happyness    (2006)
409, 7.9/10 ,Spartacus    (1960)
410, 7.9/10 ,Letters from Iwo Jima    (2006)
411, 7.9/10 ,The Blues Brothers    (1980)
412, 7.9/10 ,The Hobbit: An Unexpected Journey    (2012)
413, 7.9/10 ,Almost Famous    (2000)
414, 7.9/10 ,The Breakfast Club    (1985)
415, 7.9/10 ,Midnight Cowboy    (1969)
416, 7.9/10 ,The Conversation    (1974)
417, 7.9/10 ,Before Midnight    (2013)
418, 7.9/10 ,The Hobbit: The Desolation of Smaug    (2013)
419, 7.9/10 ,The Remains of the Day    (1993)
420, 7.9/10 ,The African Queen    (1951)
421, 7.9/10 ,Hero    (2002)
422, 7.9/10 ,Glory    (1989)
423, 7.9/10 ,The Bourne Identity    (2002)
424, 7.9/10 ,Edge of Tomorrow    (2014)
425, 7.9/10 ,Nine Queens    (2000)
426, 7.9/10 ,The Wrestler    (2008)
427, 7.9/10 ,Key Largo    (1948)
428, 7.9/10 ,Once    (2007)
429, 7.9/10 ,The Notebook    (2004)
430, 7.9/10 ,"4 Months, 3 Weeks and 2 Days    (2007)"
431, 7.9/10 ,Cowboy Bebop: The Movie    (2001)
432, 7.9/10 ,Bride of Frankenstein    (1935)
433, 7.9/10 ,The Killing Fields    (1984)
434, 7.9/10 ,The Quiet Man    (1952)
435, 7.9/10 ,The Chaser    (2008)
436, 7.9/10 ,Toy Story 2    (1999)
437, 7.9/10 ,The Outlaw Josey Wales    (1976)
438, 7.9/10 ,Children of Men    (2006)
439, 7.9/10 ,All About My Mother    (1999)
440, 7.9/10 ,A Prophet    (2009)
441, 7.9/10 ,Do the Right Thing    (1989)
442, 7.9/10 ,Bonnie and Clyde    (1967)
443, 7.9/10 ,Ninja Scroll    (1993)
444, 7.9/10 ,Badlands    (1973)
445, 7.9/10 ,The Killer    (1989)
446, 7.9/10 ,G.O.R.A.    (2004)
447, 7.9/10 ,Breaking the Waves    (1996)
448, 7.9/10 ,Hard Boiled    (1992)
449, 7.9/10 ,The Man Who Would Be King    (1975)
450, 7.9/10 ,Stagecoach    (1939)
451, 7.9/10 ,The Fall    (2006)
452, 7.9/10 ,The Insider    (1999)
453, 7.9/10 ,Ed Wood    (1994)
454, 7.9/10 ,How to Train Your Dragon 2    (2014)
455, 7.9/10 ,The Right Stuff    (1983)
456, 7.9/10 ,"Crouching Tiger, Hidden Dragon    (2000)"
457, 7.9/10 ,The Chorus    (2004)
458, 7.9/10 ,Carlito's Way    (1993)
459, 7.9/10 ,Iron Man    (2008)
460, 7.9/10 ,Walk the Line    (2005)
461, 7.9/10 ,Mr. Nobody    (2009)
462, 7.9/10 ,My Fair Lady    (1964)
463, 7.9/10 ,The Double Life of Veronique    (1991)
464, 7.9/10 ,Jules and Jim    (1962)
465, 7.9/10 ,The Boondock Saints    (1999)
466, 7.9/10 ,Lilya 4-Ever    (2002)
467, 7.9/10 ,Shrek    (2001)
468, 7.9/10 ,Miracle on 34th Street    (1947)
469, 7.9/10 ,The Past    (2013)
470, 7.9/10 ,The Ten Commandments    (1956)
471, 7.9/10 ,Avatar    (2009)
472, 7.9/10 ,Big Hero 6    (2014)
473, 7.9/10 ,My Left Foot    (1989)
474, 7.9/10 ,Nightcrawler    (2014)
475, 7.9/10 ,Boogie Nights    (1997)
476, 7.9/10 ,Crash    (2004)
477, 7.9/10 ,Miller's Crossing    (1990)
478, 7.9/10 ,The Edge of Heaven    (2007)
479, 7.9/10 ,The Fault in Our Stars    (2014)
480, 7.9/10 ,The Fighter    (2010)
481, 7.9/10 ,Halloween    (1978)
482, 7.9/10 ,Cabaret    (1972)
483, 7.9/10 ,Captain Phillips    (2013)
484, 7.9/10 ,Kiki's Delivery Service    (1989)
485, 7.9/10 ,The Man from Nowhere    (2010)
486, 7.9/10 ,Taken    (2008)
487, 7.9/10 ,Hot Fuzz    (2007)
488, 7.9/10 ,Gravity    (2013)
489, 7.9/10 ,The Girl Who Leapt Through Time    (2006)
490, 7.9/10 ,The World's Fastest Indian    (2005)
491, 7.9/10 ,Little Miss Sunshine    (2006)
492, 7.9/10 ,Ferris Bueller's Day Off    (1986)
493, 7.9/10 ,Amour    (2012)
494, 7.9/10 ,Veer-Zaara    (2004)
495, 7.9/10 ,Down by Law    (1986)
496, 7.9/10 ,Batman: Mask of the Phantasm    (1993)
497, 7.9/10 ,Blue Is the Warmest Color    (2013)
498, 7.9/10 ,E.T. the Extra-Terrestrial    (1982)
499, 7.8/10 ,Beasts of No Nation    (2015)
500, 7.8/10 ,The Girl with the Dragon Tattoo    (2011)
501, 7.8/10 ,Clerks    (1994)
502, 7.8/10 ,Glengarry Glen Ross    (1992)
503, 7.8/10 ,The Girl with the Dragon Tattoo    (2009)
504, 7.8/10 ,Tombstone    (1993)
505, 7.8/10 ,The 39 Steps    (1935)
506, 7.8/10 ,Adam's Apples    (2005)
507, 7.8/10 ,Predator    (1987)
508, 7.8/10 ,The Day of the Jackal    (1973)
509, 7.8/10 ,Ordinary People    (1980)
510, 7.8/10 ,I Saw the Devil    (2010)
511, 7.8/10 ,The Best Offer    (2013)
512, 7.8/10 ,The Motorcycle Diaries    (2004)
513, 7.8/10 ,Withnail & I    (1987)
514, 7.8/10 ,The Triplets of Belleville    (2003)
515, 7.8/10 ,Vicky Donor    (2012)
516, 7.8/10 ,The Day the Earth Stood Still    (1951)
517, 7.8/10 ,Evil    (2003)
518, 7.8/10 ,Misery    (1990)
519, 7.8/10 ,Black Book    (2006)
520, 7.8/10 ,Hamlet    (1996)
521, 7.8/10 ,Evil Dead II    (1987)
522, 7.8/10 ,Drive    (2011)
523, 7.8/10 ,About Time    (2013)
524, 7.8/10 ,Back to the Future Part II    (1989)
525, 7.8/10 ,Mother    (2009)
526, 7.8/10 ,Me and Earl and the Dying Girl    (2015)
527, 7.8/10 ,Mississippi Burning    (1988)
528, 7.8/10 ,Kuch Kuch Hota Hai    (1998)
529, 7.8/10 ,Tangled    (2010)
530, 7.8/10 ,American Gangster    (2007)
531, 7.8/10 ,Open Your Eyes    (1997)
532, 7.8/10 ,Fantastic Mr. Fox    (2009)
533, 7.8/10 ,Office Space    (1999)
534, 7.8/10 ,Willy Wonka & the Chocolate Factory    (1971)
535, 7.8/10 ,Fantasia    (1940)
536, 7.8/10 ,The Wind Rises    (2013)
537, 7.8/10 ,The Magnificent Seven    (1960)
538, 7.8/10 ,Silver Linings Playbook    (2012)
539, 7.8/10 ,October Sky    (1999)
540, 7.8/10 ,Gattaca    (1997)
541, 7.8/10 ,Birdman or (The Unexpected Virtue of Ignorance)    (2014)
542, 7.8/10 ,Waking Life    (2001)
543, 7.8/10 ,Belle de Jour    (1967)
544, 7.8/10 ,The Boy in the Striped Pajamas    (2008)
545, 7.8/10 ,Moonrise Kingdom    (2012)
546, 7.8/10 ,Love and Death    (1975)
547, 7.8/10 ,Star Trek Into Darkness    (2013)
548, 7.8/10 ,Empire of the Sun    (1987)
549, 7.8/10 ,Blue Velvet    (1986)
550, 7.8/10 ,The White Ribbon    (2009)
551, 7.8/10 ,Ghostbusters    (1984)
552, 7.8/10 ,Pride & Prejudice    (2005)
553, 7.8/10 ,Porco Rosso    (1992)
554, 7.8/10 ,Apocalypto    (2006)
555, 7.8/10 ,Repulsion    (1965)
556, 7.8/10 ,Zelig    (1983)
557, 7.8/10 ,In America    (2002)
558, 7.8/10 ,The French Connection    (1971)
559, 7.8/10 ,Rebel Without a Cause    (1955)
560, 7.8/10 ,Guess Who's Coming to Dinner    (1967)
561, 7.8/10 ,The Curious Case of Benjamin Button    (2008)
562, 7.8/10 ,Happiness    (1998)
563, 7.8/10 ,Harry Potter and the Prisoner of Azkaban    (2004)
564, 7.8/10 ,Dirty Harry    (1971)
565, 7.8/10 ,The Lunchbox    (2013)
566, 7.8/10 ,Hedwig and the Angry Inch    (2001)
567, 7.8/10 ,The Lego Movie    (2014)
568, 7.8/10 ,The Last of the Mohicans    (1992)
569, 7.8/10 ,The Dirty Dozen    (1967)
570, 7.8/10 ,Atonement    (2007)
571, 7.8/10 ,Zulu    (1964)
572, 7.8/10 ,The Goonies    (1985)
573, 7.8/10 ,Invasion of the Body Snatchers    (1956)
574, 7.8/10 ,"O Brother, Where Art Thou?    (2000)"
575, 7.8/10 ,Airplane!    (1980)
576, 7.8/10 ,The Fugitive    (1993)
577, 7.8/10 ,The Longest Day    (1962)
578, 7.8/10 ,The Color Purple    (1985)
579, 7.8/10 ,Night on Earth    (1991)
580, 7.8/10 ,Captain America: The Winter Soldier    (2014)
581, 7.8/10 ,The Hangover    (2009)
582, 7.8/10 ,X-Men: First Class    (2011)
583, 7.8/10 ,The Verdict    (1982)
584, 7.8/10 ,Wreck-It Ralph    (2012)
585, 7.8/10 ,Kingsman: The Secret Service    (2014)
586, 7.8/10 ,Once Upon a Time in Anatolia    (2011)
587, 7.8/10 ,Sicario    (2015)
588, 7.8/10 ,The Last Emperor    (1987)
589, 7.8/10 ,South Park: Bigger Longer & Uncut    (1999)
590, 7.8/10 ,Mary Poppins    (1964)
591, 7.8/10 ,Lost in Translation    (2003)
592, 7.8/10 ,Kung Fu Hustle    (2004)
593, 7.8/10 ,Boyz n the Hood    (1991)
594, 7.8/10 ,The Tenant    (1976)
595, 7.8/10 ,The Game    (1997)
596, 7.8/10 ,Run Lola Run    (1998)
597, 7.8/10 ,Lucky Number Slevin    (2006)
598, 7.8/10 ,Being John Malkovich    (1999)
599, 7.8/10 ,The Experiment    (2001)
600, 7.8/10 ,From Here to Eternity    (1953)
601, 7.8/10 ,Blazing Saddles    (1974)
602, 7.8/10 ,Bridge of Spies    (2015)
603, 7.8/10 ,What's Eating Gilbert Grape    (1993)
604, 7.8/10 ,Awakenings    (1990)
605, 7.8/10 ,Donnie Brasco    (1997)
606, 7.8/10 ,Skyfall    (2012)
607, 7.8/10 ,Serpico    (1973)
608, 7.8/10 ,Breakfast at Tiffany's    (1961)
609, 7.8/10 ,The Name of the Rose    (1986)
610, 7.8/10 ,Pride    (2014)
611, 7.8/10 ,The Broken Circle Breakdown    (2012)
612, 7.8/10 ,Changeling    (2008)
613, 7.8/10 ,The Sandlot    (1993)
614, 7.8/10 ,Goldfinger    (1964)
615, 7.8/10 ,The Bourne Supremacy    (2004)
616, 7.8/10 ,Finding Neverland    (2004)
617, 7.8/10 ,Kramer vs. Kramer    (1979)
618, 7.8/10 ,(500) Days of Summer    (2009)
619, 7.8/10 ,3:10 to Yuma    (2007)
620, 7.8/10 ,Argo    (2012)
621, 7.8/10 ,Il Postino: The Postman    (1994)
622, 7.8/10 ,Ocean's Eleven    (2001)
623, 7.8/10 ,Nebraska    (2013)
624, 7.8/10 ,Remember the Titans    (2000)
625, 7.8/10 ,The Social Network    (2010)
626, 7.8/10 ,A Bronx Tale    (1993)
627, 7.8/10 ,The Purple Rose of Cairo    (1985)
628, 7.8/10 ,The King of Comedy    (1982)
629, 7.8/10 ,Control    (2007)
630, 7.8/10 ,Deliverance    (1972)
631, 7.8/10 ,As Good as It Gets    (1997)
632, 7.7/10 ,The Birds    (1963)
633, 7.7/10 ,Good Bye Lenin!    (2003)
634, 7.7/10 ,300    (2006)
635, 7.7/10 ,Man on Fire    (2004)
636, 7.7/10 ,Ray    (2004)
637, 7.7/10 ,Star Trek II: The Wrath of Khan    (1982)
638, 7.7/10 ,The Red Violin    (1998)
639, 7.7/10 ,The Count of Monte Cristo    (2002)
640, 7.7/10 ,Battle Royale    (2000)
641, 7.7/10 ,Sabrina    (1954)
642, 7.7/10 ,Flipped    (2010)
643, 7.7/10 ,A Hard Day's Night    (1964)
644, 7.7/10 ,Rushmore    (1998)
645, 7.7/10 ,Detachment    (2011)
646, 7.7/10 ,The Machinist    (2004)
647, 7.7/10 ,The Theory of Everything    (2014)
648, 7.7/10 ,Paprika    (2006)
649, 7.7/10 ,Road to Perdition    (2002)
650, 7.7/10 ,Short Cuts    (1993)
651, 7.7/10 ,Adaptation.    (2002)
652, 7.7/10 ,Dark City    (1998)
653, 7.7/10 ,Barton Fink    (1991)
654, 7.7/10 ,Black Hawk Down    (2001)
655, 7.7/10 ,Cast Away    (2000)
656, 7.7/10 ,Dead Man's Shoes    (2004)
657, 7.7/10 ,The Last Samurai    (2003)
658, 7.7/10 ,A Very Long Engagement    (2004)
659, 7.7/10 ,21 Grams    (2003)
660, 7.7/10 ,Titanic    (1997)
661, 7.7/10 ,Ex Machina    (2015)
662, 7.7/10 ,The Great Beauty    (2013)
663, 7.7/10 ,Love Me If You Dare    (2003)
664, 7.7/10 ,Mysterious Skin    (2004)
665, 7.7/10 ,The Last King of Scotland    (2006)
666, 7.7/10 ,Frost/Nixon    (2008)
667, 7.7/10 ,50/50    (2011)
668, 7.7/10 ,Delicatessen    (1991)
669, 7.7/10 ,Enter the Dragon    (1973)
670, 7.7/10 ,Stardust    (2007)
671, 7.7/10 ,Despicable Me    (2010)
672, 7.7/10 ,Fear and Loathing in Las Vegas    (1998)
673, 7.7/10 ,Dead Man    (1995)
674, 7.7/10 ,Malcolm X    (1992)
675, 7.7/10 ,Training Day    (2001)
676, 7.7/10 ,Kick-Ass    (2010)
677, 7.7/10 ,Ponyo    (2008)
678, 7.7/10 ,Harry Potter and the Deathly Hallows: Part 1    (2010)
679, 7.7/10 ,The Station Agent    (2003)
680, 7.7/10 ,Zombieland    (2009)
681, 7.7/10 ,25th Hour    (2002)
682, 7.7/10 ,Giant    (1956)
683, 7.7/10 ,Brokeback Mountain    (2005)
684, 7.7/10 ,Sympathy for Mr. Vengeance    (2002)
685, 7.7/10 ,Shine    (1996)
686, 7.7/10 ,The Dinner Game    (1998)
687, 7.7/10 ,Billy Elliot    (2000)
688, 7.7/10 ,Forbidden Planet    (1956)
689, 7.7/10 ,Philadelphia    (1993)
690, 7.7/10 ,Gone Baby Gone    (2007)
691, 7.7/10 ,The Sweet Hereafter    (1997)
692, 7.7/10 ,The Butterfly Effect    (2004)
693, 7.7/10 ,Primal Fear    (1996)
694, 7.7/10 ,The Blind Side    (2009)
695, 7.7/10 ,Close Encounters of the Third Kind    (1977)
696, 7.7/10 ,This Is England    (2006)
697, 7.7/10 ,The Warriors    (1979)
698, 7.7/10 ,Three Colors: White    (1994)
699, 7.7/10 ,Sense and Sensibility    (1995)
700, 7.7/10 ,The Producers    (1967)
701, 7.7/10 ,The Visitor    (2007)
702, 7.7/10 ,Where Eagles Dare    (1968)
703, 7.7/10 ,After Hours    (1985)
704, 7.7/10 ,Match Point    (2005)
705, 7.7/10 ,Coraline    (2009)
706, 7.7/10 ,Sophie's Choice    (1982)
707, 7.7/10 ,Boy A    (2007)
708, 7.7/10 ,The City of Lost Children    (1995)
709, 7.7/10 ,Love Actually    (2003)
710, 7.7/10 ,Dazed and Confused    (1993)
711, 7.7/10 ,Blood Simple.    (1984)
712, 7.7/10 ,The Muppet Christmas Carol    (1992)
713, 7.7/10 ,Fearless    (2006)
714, 7.7/10 ,Shane    (1953)
715, 7.7/10 ,Who Framed Roger Rabbit    (1988)
716, 7.7/10 ,Show Me Love    (1998)
717, 7.7/10 ,Midnight in Paris    (2011)
718, 7.7/10 ,Dangerous Liaisons    (1988)
719, 7.7/10 ,Saw    (2004)
720, 7.7/10 ,Eastern Promises    (2007)
721, 7.7/10 ,Cell 211    (2009)
722, 7.7/10 ,Blow-Up    (1966)
723, 7.7/10 ,True Grit    (2010)
724, 7.7/10 ,Lolita    (1962)
725, 7.7/10 ,Snow White and the Seven Dwarfs    (1937)
726, 7.7/10 ,First Blood    (1982)
727, 7.7/10 ,In a Better World    (2010)
728, 7.7/10 ,Zodiac    (2007)
729, 7.7/10 ,Little Big Man    (1970)
730, 7.7/10 ,Minority Report    (2002)
731, 7.7/10 ,Leviathan    (2014)
732, 7.7/10 ,The Secret World of Arrietty    (2010)
733, 7.7/10 ,End of Watch    (2012)
734, 7.7/10 ,La Vie en Rose    (2007)
735, 7.7/10 ,Sympathy for Lady Vengeance    (2005)
736, 7.7/10 ,Seven Pounds    (2008)
737, 7.7/10 ,Y Tu Mamá También    (2001)
738, 7.7/10 ,Midnight Express    (1978)
739, 7.7/10 ,Spellbound    (1945)
740, 7.7/10 ,Lost Highway    (1997)
741, 7.7/10 ,Kelly's Heroes    (1970)
742, 7.7/10 ,The Fifth Element    (1997)
743, 7.6/10 ,The Big Blue    (1988)
744, 7.6/10 ,The Player    (1992)
745, 7.6/10 ,Moulin Rouge!    (2001)
746, 7.6/10 ,Traffic    (2000)
747, 7.6/10 ,Dawn of the Planet of the Apes    (2014)
748, 7.6/10 ,Star Wars: Episode III - Revenge of the Sith    (2005)
749, 7.6/10 ,Watchmen    (2009)
750, 7.6/10 ,Grindhouse    (2007)
751, 7.6/10 ,Inside Man    (2006)
752, 7.6/10 ,Fried Green Tomatoes    (1991)
753, 7.6/10 ,MASH    (1970)
754, 7.6/10 ,Kiss Kiss Bang Bang    (2005)
755, 7.6/10 ,Whale Rider    (2002)
756, 7.6/10 ,Harry Potter and the Goblet of Fire    (2005)
757, 7.6/10 ,Stranger Than Fiction    (2006)
758, 7.6/10 ,Philomena    (2013)
759, 7.6/10 ,The Royal Tenenbaums    (2001)
760, 7.6/10 ,I Am Sam    (2001)
761, 7.6/10 ,The Wicker Man    (1973)
762, 7.6/10 ,A Few Good Men    (1992)
763, 7.6/10 ,Mad Max 2: The Road Warrior    (1981)
764, 7.6/10 ,The Thin Red Line    (1998)
765, 7.6/10 ,High Plains Drifter    (1973)
766, 7.6/10 ,The Illusionist    (2006)
767, 7.6/10 ,The Jungle Book    (1967)
768, 7.6/10 ,The Haunting    (1963)
769, 7.6/10 ,Lethal Weapon    (1987)
770, 7.6/10 ,The Flowers of War    (2011)
771, 7.6/10 ,127 Hours    (2010)
772, 7.6/10 ,Les Misérables    (2012)
773, 7.6/10 ,The Skin I Live In    (2011)
774, 7.6/10 ,The Hunger Games: Catching Fire    (2013)
775, 7.6/10 ,When Harry Met Sally...    (1989)
776, 7.6/10 ,United 93    (2006)
777, 7.6/10 ,The Godfather: Part III    (1990)
778, 7.6/10 ,Blow    (2001)
779, 7.6/10 ,Sherlock Holmes    (2009)
780, 7.6/10 ,28 Days Later...    (2002)
781, 7.6/10 ,Milk    (2008)
782, 7.6/10 ,The Kite Runner    (2007)
783, 7.6/10 ,Thank You for Smoking    (2005)
784, 7.6/10 ,American Psycho    (2000)
785, 7.6/10 ,Lord of War    (2005)
786, 7.6/10 ,House of Sand and Fog    (2003)
787, 7.6/10 ,Superbad    (2007)
788, 7.6/10 ,Ghost in the Shell 2: Innocence    (2004)
789, 7.6/10 ,Munich    (2005)
790, 7.6/10 ,The Legend of Drunken Master    (1994)
791, 7.6/10 ,Dracula    (1931)
792, 7.6/10 ,The Raid: Redemption    (2011)
793, 7.6/10 ,The Crow    (1994)
794, 7.6/10 ,The Others    (2001)
795, 7.6/10 ,The Naked Gun: From the Files of Police Squad!    (1988)
796, 7.6/10 ,Volver    (2006)
797, 7.6/10 ,Animal House    (1978)
798, 7.6/10 ,Army of Darkness    (1992)
799, 7.6/10 ,Apollo 13    (1995)
800, 7.6/10 ,Man Bites Dog    (1992)
801, 7.6/10 ,West Side Story    (1961)
802, 7.6/10 ,The Party    (1968)
803, 7.6/10 ,Frozen    (2013)
804, 7.6/10 ,The Hurt Locker    (2008)
805, 7.6/10 ,The Last Temptation of Christ    (1988)
806, 7.6/10 ,Escape from Alcatraz    (1979)
807, 7.6/10 ,The Hunt for Red October    (1990)
808, 7.6/10 ,The Counterfeiters    (2007)
809, 7.6/10 ,13 Assassins    (2010)
810, 7.6/10 ,A Fish Called Wanda    (1988)
811, 7.6/10 ,A Royal Affair    (2012)
812, 7.6/10 ,Zatoichi    (2003)
813, 7.6/10 ,The Impossible    (2012)
814, 7.6/10 ,Fury    (2014)
815, 7.6/10 ,The Man Who Wasn't There    (2001)
816, 7.6/10 ,The Time Machine    (1960)
817, 7.6/10 ,Indiana Jones and the Temple of Doom    (1984)
818, 7.6/10 ,Kung Fu Panda    (2008)
819, 7.6/10 ,Following    (1998)
820, 7.6/10 ,Funny Games    (1997)
821, 7.6/10 ,"It's a Mad, Mad, Mad, Mad World    (1963)"
822, 7.6/10 ,Falling Down    (1993)
823, 7.6/10 ,Hunger    (2008)
824, 7.6/10 ,Enemy at the Gates    (2001)
825, 7.6/10 ,The Abyss    (1989)
826, 7.6/10 ,The Guns of Navarone    (1961)
827, 7.6/10 ,Ip Man 2    (2010)
828, 7.6/10 ,Robin Hood    (1973)
829, 7.6/10 ,The Little Mermaid    (1989)
830, 7.6/10 ,"Lust, Caution    (2007)"
831, 7.6/10 ,The Secret of NIMH    (1982)
832, 7.6/10 ,The Wave    (2008)
833, 7.6/10 ,Moneyball    (2011)
834, 7.6/10 ,The Piano    (1993)
835, 7.6/10 ,Secondhand Lions    (2003)
836, 7.6/10 ,An American Werewolf in London    (1981)
837, 7.6/10 ,Avengers: Age of Ultron    (2015)
838, 7.6/10 ,The Reader    (2008)
839, 7.6/10 ,Garden State    (2004)
840, 7.6/10 ,Die Hard: With a Vengeance    (1995)
841, 7.6/10 ,The Great Debaters    (2007)
842, 7.6/10 ,Interview with the Vampire: The Vampire Chronicles    (1994)
843, 7.6/10 ,The Meaning of Life    (1983)
844, 7.6/10 ,Hoosiers    (1986)
845, 7.6/10 ,Mesrine Part 1: Killer Instinct    (2008)
846, 7.6/10 ,The Omen    (1976)
847, 7.6/10 ,Midnight Run    (1988)
848, 7.6/10 ,The Book Thief    (2013)
849, 7.6/10 ,A Single Man    (2009)
850, 7.6/10 ,Little Children    (2006)
851, 7.6/10 ,Dead Alive    (1992)
852, 7.6/10 ,Disconnect    (2012)
853, 7.6/10 ,Lone Survivor    (2013)
854, 7.6/10 ,Ice Age    (2002)
855, 7.6/10 ,Leaving Las Vegas    (1995)
856, 7.6/10 ,The Town    (2010)
857, 7.6/10 ,Tucker and Dale vs. Evil    (2010)
858, 7.6/10 ,Boys Don't Cry    (1999)
859, 7.6/10 ,Rise of the Planet of the Apes    (2011)
860, 7.6/10 ,Chaplin    (1992)
861, 7.6/10 ,Dead Man Walking    (1995)
862, 7.6/10 ,The Evil Dead    (1981)
863, 7.6/10 ,Headhunters    (2011)
864, 7.6/10 ,Tell No One    (2006)
865, 7.6/10 ,Collateral    (2004)
866, 7.6/10 ,High Fidelity    (2000)
867, 7.6/10 ,The Hours    (2002)
868, 7.6/10 ,The Fisher King    (1991)
869, 7.6/10 ,Batman    (1989)
870, 7.6/10 ,"Planes, Trains & Automobiles    (1987)"
871, 7.6/10 ,Sideways    (2004)
872, 7.6/10 ,House of Flying Daggers    (2004)
873, 7.6/10 ,What We Do in the Shadows    (2014)
874, 7.6/10 ,Hair    (1979)
875, 7.6/10 ,Field of Dreams    (1989)
876, 7.6/10 ,The Hurricane    (1999)
877, 7.6/10 ,Hugo    (2011)
878, 7.6/10 ,Star Trek: First Contact    (1996)
879, 7.6/10 ,Christmas Vacation    (1989)
880, 7.6/10 ,The Damned United    (2009)
881, 7.5/10 ,Ghost Dog: The Way of the Samurai    (1999)
882, 7.5/10 ,The Assassination of Jesse James by the Coward Robert Ford    (2007)
883, 7.5/10 ,The Natural    (1984)
884, 7.5/10 ,Sleepers    (1996)
885, 7.5/10 ,August Rush    (2007)
886, 7.5/10 ,"The Cook, the Thief, His Wife & Her Lover    (1989)"
887, 7.5/10 ,The Edukators    (2004)
888, 7.5/10 ,Bullets Over Broadway    (1994)
889, 7.5/10 ,Rudy    (1993)
890, 7.5/10 ,The Life of David Gale    (2003)
891, 7.5/10 ,Gangs of New York    (2002)
892, 7.5/10 ,"Good Night, and Good Luck.    (2005)"
893, 7.5/10 ,RoboCop    (1987)
894, 7.5/10 ,The Wind That Shakes the Barley    (2006)
895, 7.5/10 ,Menace II Society    (1993)
896, 7.5/10 ,Jacob's Ladder    (1990)
897, 7.5/10 ,42(2013)
898, 7.5/10 ,Juno    (2007)
899, 7.5/10 ,Of Mice and Men    (1992)
900, 7.5/10 ,The Bridges of Madison County    (1995)
901, 7.5/10 ,Elizabeth    (1998)
902, 7.5/10 ,Straw Dogs    (1971)
903, 7.5/10 ,Equilibrium    (2002)
904, 7.5/10 ,Green Street Hooligans    (2005)
905, 7.5/10 ,Perfume: The Story of a Murderer    (2006)
906, 7.5/10 ,The Class    (2008)
907, 7.5/10 ,Life as a House    (2001)
908, 7.5/10 ,Saving Mr. Banks    (2013)
909, 7.5/10 ,Quiz Show    (1994)
910, 7.5/10 ,Jackie Brown    (1997)
911, 7.5/10 ,The Painted Veil    (2006)
912, 7.5/10 ,A Perfect World    (1993)
913, 7.5/10 ,Reign Over Me    (2007)
914, 7.5/10 ,A Simple Plan    (1998)
915, 7.5/10 ,The Fly    (1986)
916, 7.5/10 ,The Curse of the Were-Rabbit    (2005)
917, 7.5/10 ,The Illusionist    (2010)
918, 7.5/10 ,American Splendor    (2003)
919, 7.5/10 ,Maria Full of Grace    (2004)
920, 7.5/10 ,Pleasantville    (1998)
921, 7.5/10 ,The Man Who Knew Too Much    (1956)
922, 7.5/10 ,American Graffiti    (1973)
923, 7.5/10 ,Mulan    (1998)
924, 7.5/10 ,Marathon Man    (1976)
925, 7.5/10 ,Steve Jobs    (2015)
926, 7.5/10 ,Miracle    (2004)
927, 7.5/10 ,Scott Pilgrim vs. the World    (2010)
928, 7.5/10 ,Sherlock Holmes: A Game of Shadows    (2011)
929, 7.5/10 ,Doubt    (2008)
930, 7.5/10 ,The Conjuring    (2013)
931, 7.5/10 ,Legends of the Fall    (1994)
932, 7.5/10 ,Cloud Atlas    (2012)
933, 7.5/10 ,We Need to Talk About Kevin    (2011)
934, 7.5/10 ,Freedom Writers    (2007)
935, 7.5/10 ,Gallipoli    (1981)
936, 7.5/10 ,My Cousin Vinny    (1992)
937, 7.5/10 ,Three Days of the Condor    (1975)
938, 7.5/10 ,A Nightmare on Elm Street    (1984)
939, 7.5/10 ,Harry Potter and the Half-Blood Prince    (2009)
940, 7.5/10 ,Malèna    (2000)
941, 7.5/10 ,Pinocchio    (1940)
942, 7.5/10 ,Rust and Bone    (2012)
943, 7.5/10 ,The Ice Storm    (1997)
944, 7.5/10 ,The Orphanage    (2007)
945, 7.5/10 ,The Walk    (2015)
946, 7.5/10 ,Selma    (2014)
947, 7.5/10 ,Despicable Me 2    (2013)
948, 7.5/10 ,Best in Show    (2000)
949, 7.5/10 ,Everything Is Illuminated    (2005)
950, 7.5/10 ,Total Recall    (1990)
951, 7.5/10 ,Harry Potter and the Sorcerer's Stone    (2001)
952, 7.5/10 ,Southpaw    (2015)
953, 7.5/10 ,The Devil's Advocate    (1997)
954, 7.5/10 ,X2    (2003)
955, 7.5/10 ,Felon    (2008)
956, 7.5/10 ,[Rec]    (2007)
957, 7.5/10 ,Fruitvale Station    (2013)
958, 7.5/10 ,To Catch a Thief    (1955)
959, 7.5/10 ,Buffalo '66    (1998)
960, 7.5/10 ,Mission: Impossible - Rogue Nation    (2015)
961, 7.5/10 ,The Texas Chain Saw Massacre    (1974)
962, 7.5/10 ,The Aviator    (2004)
963, 7.5/10 ,A History of Violence    (2005)
964, 7.5/10 ,Source Code    (2011)
965, 7.5/10 ,The Constant Gardener    (2005)
966, 7.5/10 ,Frenzy    (1972)
967, 7.5/10 ,Biutiful    (2010)
968, 7.5/10 ,Open Range    (2003)
969, 7.5/10 ,Pi    (1998)
970, 7.5/10 ,Still Alice    (2014)
971, 7.5/10 ,The Devil's Backbone    (2001)
972, 7.5/10 ,From Russia with Love    (1963)
973, 7.5/10 ,Thesis    (1996)
974, 7.5/10 ,Babel    (2006)
975, 7.5/10 ,In the Loop    (2009)
976, 7.5/10 ,In the Bedroom    (2001)
977, 7.5/10 ,Dracula    (1992)
978, 7.5/10 ,Bad Education    (2004)
979, 7.5/10 ,The Hobbit: The Battle of the Five Armies    (2014)
980, 7.5/10 ,The Mission    (1986)
981, 7.5/10 ,Bullitt    (1968)
982, 7.5/10 ,The Three Burials of Melquiades Estrada    (2005)
983, 7.5/10 ,Harry Potter and the Order of the Phoenix    (2007)
984, 7.5/10 ,Suspiria    (1977)
985, 7.5/10 ,Home Alone    (1990)
986, 7.5/10 ,Trading Places    (1983)
987, 7.5/10 ,Beetlejuice    (1988)
988, 7.5/10 ,Witness    (1985)
989, 7.5/10 ,Up in the Air    (2009)
990, 7.5/10 ,Begin Again    (2013)
991, 7.5/10 ,The Proposition    (2005)
992, 7.4/10 ,Looper    (2012)
993, 7.4/10 ,Running Scared    (2006)
994, 7.4/10 ,Ghost World    (2001)
995, 7.4/10 ,Inside Llewyn Davis    (2013)
996, 7.4/10 ,Man on the Moon    (1999)
997, 7.4/10 ,Notes on a Scandal    (2006)
998, 7.4/10 ,Mud    (2012)
999, 7.4/10 ,Alice in Wonderland    (1951)
1000, 7.4/10 ,Mean Streets    (1973)
